PRAGMA foreign_keys=OFF;
BEGIN TRANSACTION;
CREATE TABLE IF NOT EXISTS "django_migrations" ("id" integer NOT NULL PRIMARY KEY AUTOINCREMENT, "app" varchar(255) NOT NULL, "name" varchar(255) NOT NULL, "applied" datetime NOT NULL);
INSERT INTO django_migrations VALUES(1,'contenttypes','0001_initial','2023-11-22 23:27:48.571294');
INSERT INTO django_migrations VALUES(2,'auth','0001_initial','2023-11-22 23:27:48.577388');
INSERT INTO django_migrations VALUES(3,'admin','0001_initial','2023-11-22 23:27:48.580501');
INSERT INTO django_migrations VALUES(4,'admin','0002_logentry_remove_auto_add','2023-11-22 23:27:48.584880');
INSERT INTO django_migrations VALUES(5,'admin','0003_logentry_add_action_flag_choices','2023-11-22 23:27:48.587279');
INSERT INTO django_migrations VALUES(6,'contenttypes','0002_remove_content_type_name','2023-11-22 23:27:48.594356');
INSERT INTO django_migrations VALUES(7,'auth','0002_alter_permission_name_max_length','2023-11-22 23:27:48.599432');
INSERT INTO django_migrations VALUES(8,'auth','0003_alter_user_email_max_length','2023-11-22 23:27:48.603438');
INSERT INTO django_migrations VALUES(9,'auth','0004_alter_user_username_opts','2023-11-22 23:27:48.606617');
INSERT INTO django_migrations VALUES(10,'auth','0005_alter_user_last_login_null','2023-11-22 23:27:48.610736');
INSERT INTO django_migrations VALUES(11,'auth','0006_require_contenttypes_0002','2023-11-22 23:27:48.611331');
INSERT INTO django_migrations VALUES(12,'auth','0007_alter_validators_add_error_messages','2023-11-22 23:27:48.613907');
INSERT INTO django_migrations VALUES(13,'auth','0008_alter_user_username_max_length','2023-11-22 23:27:48.617589');
INSERT INTO django_migrations VALUES(14,'auth','0009_alter_user_last_name_max_length','2023-11-22 23:27:48.621407');
INSERT INTO django_migrations VALUES(15,'auth','0010_alter_group_name_max_length','2023-11-22 23:27:48.624735');
INSERT INTO django_migrations VALUES(16,'auth','0011_update_proxy_permissions','2023-11-22 23:27:48.628249');
INSERT INTO django_migrations VALUES(17,'auth','0012_alter_user_first_name_max_length','2023-11-22 23:27:48.632384');
INSERT INTO django_migrations VALUES(18,'myapp','0001_initial','2023-11-22 23:27:48.639347');
INSERT INTO django_migrations VALUES(19,'myapp','0002_mileagedata_arrival_lat_mileagedata_arrival_lng_and_more','2023-11-22 23:27:48.652259');
INSERT INTO django_migrations VALUES(20,'sessions','0001_initial','2023-11-22 23:27:48.653984');
INSERT INTO django_migrations VALUES(21,'token_blacklist','0001_initial','2023-11-22 23:27:48.660931');
INSERT INTO django_migrations VALUES(22,'token_blacklist','0002_outstandingtoken_jti_hex','2023-11-22 23:27:48.664808');
INSERT INTO django_migrations VALUES(23,'token_blacklist','0003_auto_20171017_2007','2023-11-22 23:27:48.669320');
INSERT INTO django_migrations VALUES(24,'token_blacklist','0004_auto_20171017_2013','2023-11-22 23:27:48.673480');
INSERT INTO django_migrations VALUES(25,'token_blacklist','0005_remove_outstandingtoken_jti','2023-11-22 23:27:48.677855');
INSERT INTO django_migrations VALUES(26,'token_blacklist','0006_auto_20171017_2113','2023-11-22 23:27:48.681596');
INSERT INTO django_migrations VALUES(27,'token_blacklist','0007_auto_20171017_2214','2023-11-22 23:27:48.690304');
INSERT INTO django_migrations VALUES(28,'token_blacklist','0008_migrate_to_bigautofield','2023-11-22 23:27:48.696923');
INSERT INTO django_migrations VALUES(29,'token_blacklist','0010_fix_migrate_to_bigautofield','2023-11-22 23:27:48.703772');
INSERT INTO django_migrations VALUES(30,'token_blacklist','0011_linearizes_history','2023-11-22 23:27:48.704324');
INSERT INTO django_migrations VALUES(31,'token_blacklist','0012_alter_outstandingtoken_user','2023-11-22 23:27:48.707401');
INSERT INTO django_migrations VALUES(32,'myapp','0002_alter_mileagedata_arrival_location_and_more','2023-11-22 23:29:53.503129');
CREATE TABLE IF NOT EXISTS "auth_group_permissions" ("id" integer NOT NULL PRIMARY KEY AUTOINCREMENT, "group_id" integer NOT NULL REFERENCES "auth_group" ("id") DEFERRABLE INITIALLY DEFERRED, "permission_id" integer NOT NULL REFERENCES "auth_permission" ("id") DEFERRABLE INITIALLY DEFERRED);
CREATE TABLE IF NOT EXISTS "auth_user_groups" ("id" integer NOT NULL PRIMARY KEY AUTOINCREMENT, "user_id" integer NOT NULL REFERENCES "auth_user" ("id") DEFERRABLE INITIALLY DEFERRED, "group_id" integer NOT NULL REFERENCES "auth_group" ("id") DEFERRABLE INITIALLY DEFERRED);
CREATE TABLE IF NOT EXISTS "auth_user_user_permissions" ("id" integer NOT NULL PRIMARY KEY AUTOINCREMENT, "user_id" integer NOT NULL REFERENCES "auth_user" ("id") DEFERRABLE INITIALLY DEFERRED, "permission_id" integer NOT NULL REFERENCES "auth_permission" ("id") DEFERRABLE INITIALLY DEFERRED);
CREATE TABLE IF NOT EXISTS "django_admin_log" ("id" integer NOT NULL PRIMARY KEY AUTOINCREMENT, "object_id" text NULL, "object_repr" varchar(200) NOT NULL, "action_flag" smallint unsigned NOT NULL CHECK ("action_flag" >= 0), "change_message" text NOT NULL, "content_type_id" integer NULL REFERENCES "django_content_type" ("id") DEFERRABLE INITIALLY DEFERRED, "user_id" integer NOT NULL REFERENCES "auth_user" ("id") DEFERRABLE INITIALLY DEFERRED, "action_time" datetime NOT NULL);
INSERT INTO django_admin_log VALUES(1,'1','User object (1)',1,'[{"added": {}}]',7,1,'2023-11-22 23:38:29.834002');
CREATE TABLE IF NOT EXISTS "django_content_type" ("id" integer NOT NULL PRIMARY KEY AUTOINCREMENT, "app_label" varchar(100) NOT NULL, "model" varchar(100) NOT NULL);
INSERT INTO django_content_type VALUES(1,'admin','logentry');
INSERT INTO django_content_type VALUES(2,'auth','permission');
INSERT INTO django_content_type VALUES(3,'auth','group');
INSERT INTO django_content_type VALUES(4,'auth','user');
INSERT INTO django_content_type VALUES(5,'contenttypes','contenttype');
INSERT INTO django_content_type VALUES(6,'sessions','session');
INSERT INTO django_content_type VALUES(7,'myapp','user');
INSERT INTO django_content_type VALUES(8,'myapp','otherexpenses');
INSERT INTO django_content_type VALUES(9,'myapp','mileagedata');
INSERT INTO django_content_type VALUES(10,'token_blacklist','blacklistedtoken');
INSERT INTO django_content_type VALUES(11,'token_blacklist','outstandingtoken');
CREATE TABLE IF NOT EXISTS "auth_permission" ("id" integer NOT NULL PRIMARY KEY AUTOINCREMENT, "content_type_id" integer NOT NULL REFERENCES "django_content_type" ("id") DEFERRABLE INITIALLY DEFERRED, "codename" varchar(100) NOT NULL, "name" varchar(255) NOT NULL);
INSERT INTO auth_permission VALUES(1,1,'add_logentry','Can add log entry');
INSERT INTO auth_permission VALUES(2,1,'change_logentry','Can change log entry');
INSERT INTO auth_permission VALUES(3,1,'delete_logentry','Can delete log entry');
INSERT INTO auth_permission VALUES(4,1,'view_logentry','Can view log entry');
INSERT INTO auth_permission VALUES(5,2,'add_permission','Can add permission');
INSERT INTO auth_permission VALUES(6,2,'change_permission','Can change permission');
INSERT INTO auth_permission VALUES(7,2,'delete_permission','Can delete permission');
INSERT INTO auth_permission VALUES(8,2,'view_permission','Can view permission');
INSERT INTO auth_permission VALUES(9,3,'add_group','Can add group');
INSERT INTO auth_permission VALUES(10,3,'change_group','Can change group');
INSERT INTO auth_permission VALUES(11,3,'delete_group','Can delete group');
INSERT INTO auth_permission VALUES(12,3,'view_group','Can view group');
INSERT INTO auth_permission VALUES(13,4,'add_user','Can add user');
INSERT INTO auth_permission VALUES(14,4,'change_user','Can change user');
INSERT INTO auth_permission VALUES(15,4,'delete_user','Can delete user');
INSERT INTO auth_permission VALUES(16,4,'view_user','Can view user');
INSERT INTO auth_permission VALUES(17,5,'add_contenttype','Can add content type');
INSERT INTO auth_permission VALUES(18,5,'change_contenttype','Can change content type');
INSERT INTO auth_permission VALUES(19,5,'delete_contenttype','Can delete content type');
INSERT INTO auth_permission VALUES(20,5,'view_contenttype','Can view content type');
INSERT INTO auth_permission VALUES(21,6,'add_session','Can add session');
INSERT INTO auth_permission VALUES(22,6,'change_session','Can change session');
INSERT INTO auth_permission VALUES(23,6,'delete_session','Can delete session');
INSERT INTO auth_permission VALUES(24,6,'view_session','Can view session');
INSERT INTO auth_permission VALUES(25,7,'add_user','Can add user');
INSERT INTO auth_permission VALUES(26,7,'change_user','Can change user');
INSERT INTO auth_permission VALUES(27,7,'delete_user','Can delete user');
INSERT INTO auth_permission VALUES(28,7,'view_user','Can view user');
INSERT INTO auth_permission VALUES(29,8,'add_otherexpenses','Can add other expenses');
INSERT INTO auth_permission VALUES(30,8,'change_otherexpenses','Can change other expenses');
INSERT INTO auth_permission VALUES(31,8,'delete_otherexpenses','Can delete other expenses');
INSERT INTO auth_permission VALUES(32,8,'view_otherexpenses','Can view other expenses');
INSERT INTO auth_permission VALUES(33,9,'add_mileagedata','Can add mileage data');
INSERT INTO auth_permission VALUES(34,9,'change_mileagedata','Can change mileage data');
INSERT INTO auth_permission VALUES(35,9,'delete_mileagedata','Can delete mileage data');
INSERT INTO auth_permission VALUES(36,9,'view_mileagedata','Can view mileage data');
INSERT INTO auth_permission VALUES(37,10,'add_blacklistedtoken','Can add blacklisted token');
INSERT INTO auth_permission VALUES(38,10,'change_blacklistedtoken','Can change blacklisted token');
INSERT INTO auth_permission VALUES(39,10,'delete_blacklistedtoken','Can delete blacklisted token');
INSERT INTO auth_permission VALUES(40,10,'view_blacklistedtoken','Can view blacklisted token');
INSERT INTO auth_permission VALUES(41,11,'add_outstandingtoken','Can add outstanding token');
INSERT INTO auth_permission VALUES(42,11,'change_outstandingtoken','Can change outstanding token');
INSERT INTO auth_permission VALUES(43,11,'delete_outstandingtoken','Can delete outstanding token');
INSERT INTO auth_permission VALUES(44,11,'view_outstandingtoken','Can view outstanding token');
CREATE TABLE IF NOT EXISTS "auth_group" ("id" integer NOT NULL PRIMARY KEY AUTOINCREMENT, "name" varchar(150) NOT NULL UNIQUE);
CREATE TABLE IF NOT EXISTS "auth_user" ("id" integer NOT NULL PRIMARY KEY AUTOINCREMENT, "password" varchar(128) NOT NULL, "last_login" datetime NULL, "is_superuser" bool NOT NULL, "username" varchar(150) NOT NULL UNIQUE, "last_name" varchar(150) NOT NULL, "email" varchar(254) NOT NULL, "is_staff" bool NOT NULL, "is_active" bool NOT NULL, "date_joined" datetime NOT NULL, "first_name" varchar(150) NOT NULL);
INSERT INTO auth_user VALUES(1,'pbkdf2_sha256$600000$6iURmV4hpGRRNwczUqAMYW$1yCJHCyMEtkjr4N01D1ZLyBqr+T6S6Gm9zYxmX9yEiE=','2023-11-22 23:38:18.455175',1,'januaryshen','','januaryshen@gmail.com',1,1,'2023-11-22 23:38:00.193400','');
CREATE TABLE IF NOT EXISTS "myapp_user" ("id" integer NOT NULL PRIMARY KEY AUTOINCREMENT, "name" varchar(100) NOT NULL);
INSERT INTO myapp_user VALUES(1,'Shin');
CREATE TABLE IF NOT EXISTS "myapp_otherexpenses" ("id" integer NOT NULL PRIMARY KEY AUTOINCREMENT, "date" date NOT NULL, "description" text NOT NULL, "amount" decimal NOT NULL, "user_id" bigint NOT NULL REFERENCES "myapp_user" ("id") DEFERRABLE INITIALLY DEFERRED);
INSERT INTO myapp_otherexpenses VALUES(1,'2023-11-20','Airbnb',45,1);
CREATE TABLE IF NOT EXISTS "django_session" ("session_key" varchar(40) NOT NULL PRIMARY KEY, "session_data" text NOT NULL, "expire_date" datetime NOT NULL);
INSERT INTO django_session VALUES('2w68sj8akprv6f04020oymxso5rw9uqo','.eJxVjM0OwiAQhN-FsyEsPxU9eu8zkIVdpGpoUtqT8d2lSQ96mmTm--YtAm5rCVvjJUwkrgLE6beLmJ5c94EeWO-zTHNdlynKHZHH2uQ4E79uB_t3ULCVbg_a2Qso0koxerKKupu0PaP3OVtwKbmcjAGIbCKD70HGmcECesNOfL7fGTfl:1r5wnS:ayLVCcsmkFu8PUlznarujm206hKuIKiPsv8XUJS3s68','2023-12-06 23:38:18.456090');
CREATE TABLE IF NOT EXISTS "token_blacklist_blacklistedtoken" ("blacklisted_at" datetime NOT NULL, "token_id" bigint NOT NULL UNIQUE REFERENCES "token_blacklist_outstandingtoken" ("id") DEFERRABLE INITIALLY DEFERRED, "id" integer NOT NULL PRIMARY KEY AUTOINCREMENT);
CREATE TABLE IF NOT EXISTS "token_blacklist_outstandingtoken" ("token" text NOT NULL, "created_at" datetime NULL, "expires_at" datetime NOT NULL, "user_id" integer NULL REFERENCES "auth_user" ("id") DEFERRABLE INITIALLY DEFERRED, "jti" varchar(255) NOT NULL UNIQUE, "id" integer NOT NULL PRIMARY KEY AUTOINCREMENT);
CREATE TABLE IF NOT EXISTS "myapp_mileagedata" ("id" integer NOT NULL PRIMARY KEY AUTOINCREMENT, "departure_lat" real NOT NULL, "departure_lng" real NOT NULL, "arrival_location" varchar(255) NOT NULL, "arrival_lat" real NOT NULL, "arrival_lng" real NOT NULL, "date" date NOT NULL, "mileage" real NOT NULL, "user_id" bigint NOT NULL REFERENCES "myapp_user" ("id") DEFERRABLE INITIALLY DEFERRED, "departure_location" varchar(255) NOT NULL);
INSERT INTO myapp_mileagedata VALUES(2,47.614673785342382927,-122.19859958661585253,'1020 S 40th Ave G, Yakima, WA 98908',46.585859563555427342,-120.56296220198918778,'2023-11-20',225.40999999999997704,1,'500 106th Ave NE, Bellevue, WA 98004');
DELETE FROM sqlite_sequence;
INSERT INTO sqlite_sequence VALUES('django_migrations',32);
INSERT INTO sqlite_sequence VALUES('django_admin_log',1);
INSERT INTO sqlite_sequence VALUES('django_content_type',11);
INSERT INTO sqlite_sequence VALUES('auth_permission',44);
INSERT INTO sqlite_sequence VALUES('auth_group',0);
INSERT INTO sqlite_sequence VALUES('auth_user',1);
INSERT INTO sqlite_sequence VALUES('token_blacklist_blacklistedtoken',0);
INSERT INTO sqlite_sequence VALUES('token_blacklist_outstandingtoken',0);
INSERT INTO sqlite_sequence VALUES('myapp_mileagedata',2);
INSERT INTO sqlite_sequence VALUES('myapp_user',1);
INSERT INTO sqlite_sequence VALUES('myapp_otherexpenses',1);
CREATE UNIQUE INDEX "auth_group_permissions_group_id_permission_id_0cd325b0_uniq" ON "auth_group_permissions" ("group_id", "permission_id");
CREATE INDEX "auth_group_permissions_group_id_b120cbf9" ON "auth_group_permissions" ("group_id");
CREATE INDEX "auth_group_permissions_permission_id_84c5c92e" ON "auth_group_permissions" ("permission_id");
CREATE UNIQUE INDEX "auth_user_groups_user_id_group_id_94350c0c_uniq" ON "auth_user_groups" ("user_id", "group_id");
CREATE INDEX "auth_user_groups_user_id_6a12ed8b" ON "auth_user_groups" ("user_id");
CREATE INDEX "auth_user_groups_group_id_97559544" ON "auth_user_groups" ("group_id");
CREATE UNIQUE INDEX "auth_user_user_permissions_user_id_permission_id_14a6b632_uniq" ON "auth_user_user_permissions" ("user_id", "permission_id");
CREATE INDEX "auth_user_user_permissions_user_id_a95ead1b" ON "auth_user_user_permissions" ("user_id");
CREATE INDEX "auth_user_user_permissions_permission_id_1fbb5f2c" ON "auth_user_user_permissions" ("permission_id");
CREATE INDEX "django_admin_log_content_type_id_c4bce8eb" ON "django_admin_log" ("content_type_id");
CREATE INDEX "django_admin_log_user_id_c564eba6" ON "django_admin_log" ("user_id");
CREATE UNIQUE INDEX "django_content_type_app_label_model_76bd3d3b_uniq" ON "django_content_type" ("app_label", "model");
CREATE UNIQUE INDEX "auth_permission_content_type_id_codename_01ab375a_uniq" ON "auth_permission" ("content_type_id", "codename");
CREATE INDEX "auth_permission_content_type_id_2f476e4b" ON "auth_permission" ("content_type_id");
CREATE INDEX "myapp_otherexpenses_user_id_d3ce4a17" ON "myapp_otherexpenses" ("user_id");
CREATE INDEX "django_session_expire_date_a5c62663" ON "django_session" ("expire_date");
CREATE INDEX "token_blacklist_outstandingtoken_user_id_83bc629a" ON "token_blacklist_outstandingtoken" ("user_id");
CREATE INDEX "myapp_mileagedata_user_id_3652b363" ON "myapp_mileagedata" ("user_id");
COMMIT;
